,linear,rbf,sigmoid,
BoW_hist
,0.876373626374,0.596153846154,0.144230769231,
,0.887362637363,0.590659340659,0.167582417582,
,0.888736263736,0.586538461538,0.177197802198,
